{"VF_A0593": 0.38095238095238093, "VF_A0918": 0.31926863572433195, "VF_A0919": 0.34571175950486294, "VF_A0920": 0.3312945973496432, "VF_A0921": 0.3857677902621723, "VF_A0922": 0.36904761904761907, "VF_A0923": 0.3541666666666667, "VF_A0924": 0.343804537521815, "VF_A0925": 0.3041168658698539, "VF_A1058": 0.32323232323232326}