{"luxZ_pos": [-9.150398612022398, -2.943532907962799, 2.8715911626815798], "LIGHT_WEIGHT": 0.7, "QS_WEIGHT": 0.3}